{"homography_matrix": [[0.8366389189880497, 0.30657258290191464, -477.2562833703746], [0.001928744682325793, 1.6027868310127777, -151.69576926492772], [-3.707403087062994e-06, 0.0009775521154062, 1.0]], "warped_size": [640, 640]}