{"homography_matrix": [[8.041300120896446, 5.9957062304929645, -7485.321809028852], [0.08352001015703375, 19.29312234627397, -5077.766057516967], [0.00019802758139513785, 0.017630394855461473, 1.0]], "warped_size": [640, 640]}