{"homography_matrix": [[1.7280458977616728, 1.0395998048031454, -1223.4657365024184], [0.0493902615031745, 3.2597572592095463, -448.4141841873253], [2.864586494675557e-05, 0.0031620192551670935, 1.0]], "warped_size": [640, 640]}