{"homography_matrix": [[1.8586759295481163, 0.6970034735805436, -263.699647504639], [0.028253530557064407, 3.5411091631520835, -106.39337823438586], [6.66525997433429e-05, 0.0021120014137397964, 1.0]], "warped_size": [640, 640]}