{"homography_matrix": [[4.737870534059607, 2.20171630700417, -837.6555104217383], [-0.19483413039128397, 18.216991191584984, -3700.289804391251], [-0.0008053990163352135, 0.01033517197936883, 1.0]], "warped_size": [640, 640]}