{"homography_matrix": [[-0.8134230822907561, 0.30461058560125404, 1098.45284817462], [0.0006991558283427428, -0.9557460173446314, 748.1554654163955], [1.2664117828753474e-05, 0.0009367010857622544, 1.0]], "warped_size": [640, 640]}